0029-1.1-03|sua3--loh8-lai5 khuann3 biau5-lik8-kuan7 bin5-a2-tsai3 ji7 tshit4 ho7 e5 thinn1-khi3
0029-1.2-03|un1-too7 ji7-tsap8-goo7 tsi3 sann1-tsap8 too7,loh8-hoo7 ki1-lut8 lak8-tsap8 pha1"
0029-1.3-03|lai5-pin1 lak8-pah4 khong3 tshit4 ho7 tshiann2-lai5 tsap8-peh4 ho7 kui7-tai5 pan7-li2
0029-1.4-03|long2-tsong2 nng7-pah4 kau2-tsap8-lak8 khoo1,tsau7 li2 si3 khoo1"
0029-1.5-03|kin1-a2-jit8 si7 peh4-gueh8 ji7-it4,pai3-it4"
0029-1.6-03|gua2 e5 hoo7-tsiau3 ho7-be2 si7 su3 ji7 pat4 ngoo2 su3 khong3 tshit4 it4 liok8
0029-1.7-03|guan2 tau1 e5 tian7-ue7 ho7-be2 si7 khong3 sam1 ngoo2 pat4 su3 sam1 kiu2 tshit4 ji7
0029-1.8-03|i1 ti7 it4 kiu2 pat4 pat4 ni5 tshut4-si3
0029-1.9-03|tshiann2 pang1 gua2 tsuan2 hun1-ki1 sam1 tshit4 pat4 pat4
0029-2.1-03|gua2 siunn7-beh4 lai5-khi3 king2-tshat4-kiok8 pan7 tai7-tsi3.
0029-2.10-03|beh4 khi3 to2-ui7 tse7?
0029-2.11-03|kong1-hng5 gua7-bin7 u7 tsit8 ki1 tshia1-pai5-a2,li2 e7-sai2 ti7 hia1 tse7."
0029-2.12-03|tioh8 tua3 to2 tsit8 tsam7 loh8-tshia1?
0029-2.13-03|tua3 kong1-hng5-loo7 uan2-tong1 pah4-hue3 kong1-si1 hit4 tsam7 loh8.
0029-2.14-03|sit4-le2,li2 tu2-tsiah4 kong2 siann2-mih4?tshiann2 li2 kong2 khah4 ban7--leh4."
0029-2.15-03|gua2 kong2,tua3 kong1-hng5-loo7 uan2-tong1 pah4-hue3 kong1-si1 hit4 tsam7 loh8."
0029-2.16-03|hia1,kong1-tshia1 u7 tsin1 tse7--bo5?"
0029-2.17-03|u7,mui2 tsap8 hun1-tsing1 u7 tsit8 pang1."
0029-2.2-03|tshiann2-mng7,tui3 tsia1 khi3,u7 tsin1 hng7--bo5?"
0029-2.3-03|bo5 gua7 hng7,kin7-kin7--a2."
0029-2.4-03|ma5-huan5 li2 ka7 gua2 kong2 an2-tsuann2 khi3,ho2--bo5?"
0029-2.5-03|li2 beh4 kiann5-loo7 khi3,iah4-si7 tse7 tshia1 khi3?"
0029-2.6-03|gua2 beh4 tse7 tshia1 khi3,m7-koh4 gua2 m7 tsai1-iann2 beh4 ti7 to2-ui7 be2 tshia1-phio3."
0029-2.7-03|li2 e7-sai2 ti7 loo7-pinn1 hia1 be2,iah4-si7 tsiunn7-tshia1 e5 si5 tsiah4 be2."
0029-2.8-03|khi3 king2-tshat4-kiok8 tioh8 tse7 kui2 ho7--e5?
0029-2.9-03|gua2 bo5 gua7 tshing1-tsho2,kho2-ling5 si7 ji7-ngoo2-sam1--e5."
0029-3.1-03|si7“su1-siang1-ki1”m7 si7“su1-siong2-khi2”
0029-3.10-03|tong1-jian5,"
0029-3.11-03|ui3 hit4 e5 ni5-tai7 e5 ki3-tsai3 kah4 tsu1-liau7-tiong1,"
0029-3.12-03|ke1-kiam2 e7 hoo7 lan2 thiann1-tioh8 tsin1 tse7 senn3-mia7 e5 bo5-nai7 kah4 siann1-im1 e5 kam2-tong7,"
0029-3.13-03|ki5-sit8 tse1 ma7 si7 tsit8-tsiong2 tsho3-goo7 e5 bi2-le7.
0029-3.14-03|“su1-siong2-khi2”e5 guan5-si2 kua1-mia5 to7 si7“su1-siang1-ki1”,"
0029-3.15-03|ma7 u7 lang5 sia2 tso3“su1-siang1-ki1”kah4“su1-siang1-ki1”.
0029-3.16-03|tse1 si7 hit4-si5 tan5 tat8 sian1-sinn1 kau3 tai5-pak4 tsu3-tshiunn3,"
0029-3.17-03|gua2 ti7 kua1-thiann1 bo5-i3-tiong1 thiann1--tioh8,"
0029-3.18-03|iau1-tshiann2 i1 e5 lang5 tshin1-tshui3 lau5--loh8-lai5 e5 kong2-huat4;
0029-3.19-03|ji5-tshiann2“su1-siang1-ki1”e5 kua1-mia5 u7 hu5-hap8 kua1-su5 lai7-te2 e5 i3-king2,"
0029-3.2-03|tsok4-tsia2:lim5 tshong1-bing5
0029-3.20-03|tshin1-tshiunn7“kam1-tsia3 ho2-tsiah8 i1 to7 siang1-thau5 tinn1”,"
0029-3.21-03|“tua7-boo2 tshua7 liau2 i1 to7 tshua7 se3-i5”,"
0029-3.22-03|“se3-i5-a2 tshua7--lai5 si7 lang5-lang5 ai3”,"
0029-3.23-03|m7-koh4 tiong7-tiam2 si7
0029-3.24-03|“pang3-sak4 tua7-boo2 i1 to7 siong7 kho2-lian5”,"
0029-3.25-03|“a1-kun1--a2 kong2-ue7 na7 u7-iann2”,"
0029-3.26-03|“to1-tshiunn1 lai5 tso3 loo7 ma7 kann2 kiann5”.
0029-3.27-03|sui1-jian5 i1 tshiunn3“su1-siang1-ki1”,"
0029-3.28-03|m7-koh4 to7 si7 kio3 lang5 tshian1-ban7 m7-thang1“su1-siang1-ki1”!
0029-3.29-03|tian1-to3 si7“su1-siong2-khi2”e5 kua1-mia5 bo5 siann2 hap8 kua1-su5 e5 i3-su3,"
0029-3.3-03|hue5-siong2 hit4 e5 kan1-na1 su1-siong2 to7 e7 u7 tsue7 e5 ni5-tai7,"
0029-3.30-03|to7 lian5 tan5 tat8--a2 tshiunn3-kua1,"
0029-3.31-03|tsit8 khai1-si2 e5 huat4-im1 ma7 si7“su1-a2-siang1-a2-ki1”,"
0029-3.32-03|m7 si7“su1-a2-siong2-a2-khi2”,"
0029-3.33-03|tan1-sun5 e5 huat4-im1 i2-king1 lai5 ka7 in3-tsing3.
0029-3.34-03|si3,goo7-tsap8 ni5 tsing5,"
0029-3.35-03|si7 lan2 jin5-bin5 tshong3-tsok4 e5 kua1-khik4 e7 hoo7 lang5 oo1-peh8 kim3 e5 si5-tai7;
0029-3.36-03|jin5-bin5 na7 u7 siunn7-beh4 tsu3-tshiunn3 kah4 tshut4 tshiunn3-phinn3,"
0029-3.37-03|it4-ting7 si7 ai3 king1-kue3“king2-pi7 tsong2-poo7”giam5-keh4 e5 sim2-tsa1.
0029-3.38-03|siunn7 ma7 tsai1-iann2,"
0029-3.39-03|na7-si7 iong7“su1-siang1-ki1”guan5-lai5 e5 kua1-mia5 lai5 su1-sia2,tshing1-hoo1,"
0029-3.4-03|tai5-uan5 e5 bin5-kan1 ge7-jin5 ping7 bo5 siann2-mih4 tsu7-tsu2-khuan5,"
0029-3.40-03|beh4 na2 u7 kho2-ling5 hoo7“king2-tsong2”phue1-tsun2!
0029-3.41-03|m7-koh4 sio2-khua2 pian3-khiau3,kai2-iong7 hua5-gi2“nga2-hua3”,"
0029-3.42-03|ka7 kai2 tso3“su1-siong2-khi2”,"
0029-3.43-03|to7 u7 khah4 hu5-hap8 kue3-khi3 sit8-bin5 tsing3-hu2 e5 i3-sik4 hing5-thai3,"
0029-3.44-03|thang1 hoo7 in1 iong7-lai5 se2 lan2 peh4-senn3,jin5-bin5 e5 nau2(i1 siunn7-beh4 ai3 lan2 su1-liam7 tiau3-uan2 e5 tiong1-kok4 koo3-hiong1)──"
0029-3.45-03|bok8-kuai3 kau3 hian7-tshu2-si5 tui3-huann7 e5 tiong1-kok4 tsing3-hu2,"
0029-3.46-03|ma7 e7 ka7 khioh4 khi2-lai5 thong2-tsian3 lan2 tai5-uan5.
0029-3.47-03|koh4-tsai3 kong2,"
0029-3.48-03|ti7 hit4-si5 bak8-tsiu1 i2-king1 kiong7-kiong7-beh4 sit4-bing5--khi3 e5 tan5 tat8 lau7-sian1-sinn1,"
0029-3.49-03|i1 beh4 na2 u7 siann2-mih4 ka7 huan2-khong3 e5 ling5-lik8,"
0029-3.5-03|gua7-lai5 e5 kok4-bin5 tsing3-hu2 siunn7-beh4 ka1-tshim1 sit8-bin5 e5 hau7-ko2,"
0029-3.50-03|i1 kan1-na1 e7-sai2 thau1-thau1-a2 kio3 lang5,siunn7 pan7-huat4 ka7 kua1-khik4 tsin1-tsiann3 e5 guan5-si2 mia5-tshing1 lau5--loh8-lai5,"
0029-3.51-03|jian5-au7 tak8-pai2 lok8-im1 kah4 hian7-tiunn5 ian2-tshiunn3,"
0029-3.52-03|it4-ting7 si7 tshiunn3 tsiok4 piau1-tsun2 e5“su1-a2-siang1-a2-ki1”e5 huat4-im1,"
0029-3.53-03|tse1 ma7 piau2-si7 kong2 thiann1-tioh8 kua1-siann1 e5 lang5,"
0029-3.54-03|i1 ma7 ai3 tau3 ki3-lok8 ka7 liu5-thuan5--loh8-lai5--lah4!
0029-3.55-03|hian7-tshu2-si5,"
0029-3.56-03|tsit4 te3 siong7 thuan5-thong2 e5 bin5-iau5“su1-siang1-ki1”,"
0029-3.57-03|sui1-jian5 lan2 e7-tang3 iong7 gueh8-khim5 lai5 tsu7 tuann5,tsu7 tshiunn3,"
0029-3.58-03|kiat4-ko2 suah4 m7 tsai1-iann2 guan5-si2 kua1-mia5 e5 khi2-sim1-tong7-liam7 si7 siann2-mih4,"
0029-3.59-03|kah4 tan5 tat8 lau7-sian1-sinn1 ui7-siann2-mih4 kian1-tshi5 iong7 tsing3-khak4 huat4-im1 e5 khoo2-sim1.
0029-3.6-03|to7 khioh4 lan2 bin5-kan1 e5 bun5-hua3 kok4-po2,"
0029-3.60-03|gua2 siunn7,"
0029-3.61-03|lan2 ing3-kai1 hoo7 tak8-ke1 tsai1-iann2 guan5-si2 e5 kua1-mia5,"
0029-3.62-03|ping7 m7 si7 kue3-khi3 gua7-lai5 e5 sit8-bin5 tsing3-hu2 ka7 lan2 se2-nau2 soo2 kong2 e5“su1-siong2-khi2”,"
0029-3.63-03|ma7 ai3 khi3 liau2-kai2 hit4 e5 si5-tai7 e5 tsin1-sit8 bin7-mau7.
0029-3.64-03|tsin1-sit8 to7 si7 tsin1-sit8,"
0029-3.65-03|m7-bian2 kiann1 kong2 kua1-mia5 kam2 u7 siann2-mih4“put4-nga2”,"
0029-3.66-03|“su1-siang1-ki1”to7 si7“su1-siang1-ki1”.
0029-3.7-03|lai5 soo1-thong1 kun1-tiong1 lau7-ping1 su1 hiong1 e5 tsing5-su7,"
0029-3.8-03|kiam1 e7-sai2 ke3-siok8 ka7 lan2 tai5-uan5 pun2-thoo2 e5 jin5-bin5 se2-nau2──lian5 hian7-tshu2-si5 tui3-huann7 e5 tiong1-kok4 ma7 tsai1-iann2,"
0029-3.9-03|tse1 tsin1-tsiann3 si7 tsiann5 ho2-ing7 e5 bun5-hua3 thong2-tsian3 kang1-ku7.
0029-4.1-03|khit4-tsiah8 he7 tua7-guan7——tshiau1-tshue7 ji7 khong3 it4 pat4 tai5-gi2 loo7
0029-4.10-03|nng7 ji7,“un2 si2”!"
0029-4.11-03|an2-tsuann2 kong2--leh4?
0029-4.12-03|lan2 khuann3 it4 kiu2 kiu2 khong3 ni5,"
0029-4.13-03|tshit4 tua7 kuan7-tshi7 bin5-tsin3-tong2 kuan7-tshi7-tiunn2 tsu2-pian7 e5“pun2-thoo2 gi2-gian5 kau3-iok8 bun7-te5 te7-it4 tshu3 hak8-sut8 gian2-tho2-hue7”to7 tsai1,"
0029-4.14-03|tse1 si7 te7-it4 pai2 kuann1-hong1 khai1-si2 teh4 su1-kho2“bu2-gi2 kau3-iok8”e5 bun7-te5 kah4 sit8-tse3 hing5-tong7.
0029-4.15-03|kau3 ji7 khong3 khong3 it4 ni5,"
0029-4.16-03|kau3-iok8-poo7 suan1-poo3 kok4-sio2 tsit8 le2-pai3 ai3 u7 tsi3-tsio2 tsit8 tsiat4 e5“hiong1-thoo2 gi2-gian5”kho3-ting5,"
0029-4.17-03|ji7 khong3 khong3 it4 ni5 sing5-lip8 kheh4-ka1 ui2-uan5-hue7,"
0029-4.18-03|ji7 khong3 khong3 sam1 ni5 khai1-si2 tho2-lun7“gi2-gian5 ping5-ting2-huat4”tsho2-an3...
0029-4.19-03|thiau3 kau3 ji7 khong3 it4 tshit4 ni5,"
0029-4.2-03|tsok4-tsia2:too7 sin3-liong5
0029-4.20-03|bin5-tsin3-tong2 u7-iann2 ti7 tsing3-tshik4 hong1-bin7 tui3 tshiunn2-kiu3 bu2-gi2 u7 siong1-tong1 e5 pang1-tsan7.
0029-4.21-03|m7-koh4,na7 tok8-tok8 khuann3 tai5-gi2,"
0029-4.22-03|suah4 be7-tin2-be7-tang7,"
0029-4.23-03|m7 tsai1 si7 siann2-mih4 bun7-te5?
0029-4.24-03|beh4 khip4-in2 koh4-khah4 tse7 lang5──iu5-ki5 si7 siau3-lian5-lang5──lai5 su1-sia2 bu2-gi2,sit8-tsian7 bun5-ji7-hua3,"
0029-4.25-03|tsit4 e5 un7-tong7 e5 hong1-hiong3 si7 kue3-khi3 bin5-kan1 it4-tit8 teh4 tshui1-sak4--e5.
0029-4.26-03|tsong2--si7,bin5-kan1 tsu1-guan5 iu2-han7,"
0029-4.27-03|un7-tong7-tsia2 ua2-kho3--e5 si7 sim1-lai7 jiat8-phut4-phut4 e5 jiat8-tsing5 kah4 su2-bing7-kam2.
0029-4.28-03|si7-kong2,"
0029-4.29-03|jiat8-tsing5 kam2 u7-huat4-too7 tui3-khong3 si5-tai7 e5 pian3-tshian1,kah4 hua5-gi2 tshi7-tiunn5 tshia1-piann3?"
0029-4.3-03|tai5-gi2-bun5 sin1-ni5 he7 sin1 guan7-bong7,"
0029-4.30-03|na7 bo5 kuann1-hong1 e5 tsu1-guan5 iah4-si7 sit8-tse3 tsing3-tshik4 lai5 sio1-thin7,"
0029-4.31-03|pun2-thoo2 gi2-gian5 tauh8-tauh8-a2 sue1-bi5,"
0029-4.32-03|tsiong1-ki5-bue2 kan1-na1 si7“khng3 ti7 phok4-but8-kuan2”e5 un7-mia7 nia9.
0029-4.33-03|tui3 gi2-gian5 un7-tong7 huat4-tian2 e5 ni5-pio2 lai5 khuann3,"
0029-4.34-03|kuann1-hong1 tui3 gi2-gian5 tsing3-tshik4 tsun1-tshun5 e5 thing5-too7 si7 pun2-thoo2 gi2-gian5 uah8-mia7 e5 me5-kak4,"
0029-4.35-03|ai3 u7 kau3-giah8 e5 tsu1-guan5,"
0029-4.36-03|m7-tsiah4 thang1 the3 gi2-gian5 e5 thuan5-poo3 tshong3-tso7 to1-guan5 e5 mng5-loo7.
0029-4.37-03|thau3-kue3 mui5-the2 thuan5-poo3,"
0029-4.38-03|hoo7 koh4-khah4 tse7 lang5 tsiap4-siu7 pun2-thoo2 gi2-gian5,"
0029-4.39-03|be7 koh4 jin7-ui5“kong2 bu2-gi2”si7 tshau3-tsian7--e5,"
0029-4.4-03|beh4 ng3-bang7 lan2 tsit8 tang1 pi2 tsit8 tang1 koh4-khah4 ho2,"
0029-4.40-03|ka7“oh8 bu2-gi2”tsiann5-tso3 si7 si5-kiann5 e5 un7-tong7.
0029-4.41-03|an2-ne1 bo5-hing5-tiong1,"
0029-4.42-03|ma7 e7 hoo7 tak8-ke1 kian3-lip8“gi2-gian5 ping5-ting2”e5 jin5-khuan5 kai3-liam7.
0029-4.43-03|ji7 khong3 it4 tshit4 ni5,"
0029-4.44-03|hing5-tsing3-inn7 i2-king1 ka7“kok4-ka1 gi2-gian5 huat4-tian2-huat4”tsho2-an3 sang3 kau3 lip8-huat4-inn7,"
0029-4.45-03|bin5-kan1 thuan5-the2“tshui1-sing1 tai5-gi2 kong1-kiong7 tian7-si7-tai5”tit4-tioh8 bun5-hua3-poo7 puah4 lak8-tshing1-ban7 king1-hui3
0029-4.46-03|ti7 ji7 khong3 it4 pat4 ni5 hoo7 hua5-si7 beh4 tso3 tai5-gi2 tsiat4-bok8,"
0029-4.47-03|kann2-na2 u7 sio2-sio2 e5 sing5-ko2,"
0029-4.48-03|m7-koh4 guan5-tsu7-bin5 kok4 tsok8-gi2 kah4 kheh4-gi2 i2-king1 koo7 ki5-thann1 huat4-guan5 tsiann5-tso3“kok4-ka1 gi2-gian5”--ah4,"
0029-4.49-03|guan5-tsu7-bin5-tsok8 tian7-si7-tai5 kah4 kheh4-ka1 tian7-si7-tai5 ma7 u7 siong1-kuan1 e5 ui2-uan5-hue7 teh4 tsi1-tshi5,"
0029-4.5-03|tioh8-ai3 kiam2-tho2 ting2 tsit8 tang1 u7 siann2-mih4 huat4-tian2.
0029-4.50-03|ah4 tai5-gi2--leh4?
0029-4.51-03|bin5-tsin3-tong2 na7-tsun2 thang1 ke3-siok8 tsip4-tsing3,"
0029-4.52-03|lak8 tang1 lai7 kam2 e7 u7 tai5-gi2 ui2-uan5-hue7,tai5-gi2 e5 kok4-ka1 gi2-gian5 te7-ui7 iah4-si7 tai5-gi2 tian7-si7-tai5?"
0029-4.53-03|lan2 na2 khit4-tsiah8,"
0029-4.54-03|kiann1 kong2 tua7-sim1-khui3,"
0029-4.55-03|tsip4-tsing3-tong2 bo5 ai3 puah4 king1-hui3,"
0029-4.56-03|khah4 tsio2 huah4-siann1 beh4 tsing1-tshu2 siat4-lip8 tsuan1-tsik4 ui2-uan5-hue7,"
0029-4.57-03|tsiah4 sing1 tsing1-tshu2“kok4-ka1 gi2-gian5 huat4-tian2-huat4”kah4 tai5-gi2 tian7-si7-tai5.
0029-4.58-03|lan2 teh4 siunn7,"
0029-4.59-03|lan2 kam2-si7 siunn1 ka7 ka1-ki7 han7-tse3--ah4?
0029-4.6-03|lan2 kan2-tan1 hue5-koo3 tsing5-kau3-tann1 pun2-thoo2 gi2-gian5 hok8-tsin2 un7-tong7 e5 huat4-tian2,"
0029-4.60-03|iah4-si7 tshua7-thau5 tsip4-tsing3-tsia2 bo5-sim1?
0029-4.61-03|lan2 su1-iau3 tham3-tho2--e5,"
0029-4.62-03|si7 hian7-sit8-bin7 beh4 an2-tsuann2 tiau5-tsing2 bi7-lai5 un7-tong7 e5 hong1-hiong3,"
0029-4.63-03|ng3-bang7 kuan1-sim1 tai5-gi2-bun5 e5 ko3-jin5,sia7-thuan5 kah4 jim7-ho5 thuan5-the2 tang5-tse5 su1-kho2,"
0029-4.64-03|tshiau1-tshue7 ji7 khong3 it4 pat4 e5 tai5-gi2 loo7.
0029-4.7-03|kah4 kue3-khi3 lai5 pi2-phing7,"
0029-4.8-03|tsong2-kong2--tsit8-ku3,"
0029-4.9-03|beh4 kiu3 pun2-thoo2 gi2-gian5 na7 bo5 tsing3-ti7 tshiu2-tuann7,"
0029-5.1-03|ng3-bang7 ji7-ji7-pat4 e5 tsuan2-hing5 tsing3-gi7
0029-5.10-03|tui3-thai7 tiong1-kok4-lang5 na7 siunn1 kheh4-khi3,"
0029-5.100-03|suah4 hoo7 tsiunn2 kai3-sik8 iong7“tsu7-koo2 i2-lai5 tai5-uan5 si7 tiong1-kok4 e5 tsit8-poo7-hun7”e5 peh8-tshat8 tsioh4-khau2 tng5-ki5 tsiam3-nia2 tai5-uan5.
0029-5.101-03|tsu7 ji7-ji7-pat4 jin5-bin5 khi2-gi7 i2-au7,"
0029-5.102-03|tai5-uan5-lang5 tsiah4 kak4-tshinn2-tioh8 tioh8 kian3-lip8 tok8-lip8 e5 tai5-uan5-kok4 e5 tiong7-iau3.
0029-5.103-03|tann1,sui1-bong2 u7 ji7-ji7-pat4 ki3-liam7-jit8."
0029-5.104-03|m7-koh4,tsin1 tse7 siau3-lian5-lang5 tui3 khut4 guan5 e5 jin7-bat4 suah4 khah4 iann5 kue3 ji7-ji7-pat4."
0029-5.105-03|tse1 tsit8-hong1-bin7 si7 in1-ui7 tsuan2-hing5 tsing3-gi7 tso3 bo5-kau3,"
0029-5.106-03|tsit8-hong1-bin7 si7 in1-ui7 lan2 bo5 ka7 ji7-ji7-pat4 pian3-tso3 bin5-siok8 uah8-tang7!
0029-5.107-03|kong2 tsan2--e5,"
0029-5.108-03|lan2 ing3-tong1 ka7 goo7-jit8-tseh4 e5 pe5-ling5-tsun5 uah8-tang7 sua2 khi3 ji7-ji7-pat4 pan7
0029-5.109-03|thang1 ki3-liam7 hit4 kua2 hoo7 tiong1-kok4-tong2 tan3 loh8 tsui2-te2 e5 ai3-kok4 uan1-hun5.
0029-5.11-03|in1 to7 e7“nng2-thoo5-tshim1-kut8”“tsiah8-lang5-kau3-kau3”.
0029-5.110-03|thau3-kue3 bin5-siok8 uah8-tang7 tsiah4 e7-tang3 ka1-kiong5 bin5-tsiong3 tui3 ji7-ji7-pat4 e5 ki3-ti5!
0029-5.12-03|tse1 hueh4-sai1-sai1 e5 an3-le7 sit8-tsai7 tsin1 tse7.
0029-5.13-03|lan2 ka7 khuann3 a1-pinn2 tsing5-tsong2-thong2 e5 su1-huat4 pik4-hai7 to7 tsai1.
0029-5.14-03|tong1-tshoo1 a1-pinn2 tua7 huat4 tsu5-pi1-sim1,"
0029-5.15-03|tsip4-tsing3 e5 si5 bo5 tshing1-sng3 tsit4 e5 gua7-lai5 e5 tiong1-kok4-tong2.
0029-5.16-03|kiat4-ko2,"
0029-5.17-03|in1 tsia1 tsing1-senn1 kam2 u7 tai3-liam7 tai5-uan5-lang5 e5 un1-tsing5?
0029-5.18-03|in1 tsiau3-siong5 lian5-hap8 a1-kiong7-a2 lai5 tsau1-that4 lan2 tai5-uan5-lang5.
0029-5.19-03|a1-pinn2--a2 tsit8 loh8-tai5,"
0029-5.2-03|tsok4-tsia2:tsiunn2 ui5-bun5
0029-5.20-03|to7 sui5 hong9 khau3 khi3 long5-a2-lai7.
0029-5.21-03|ah4 ma2 ing1-kiu2--leh4?
0029-5.22-03|tso3 hiah4 tse7 ui5-huat4 e5 iau2-siu7-tai7,"
0029-5.23-03|kau3-tann1 koh4 ti7 hia1 pha1-pha1-tsau2.
0029-5.24-03|tse1 kam2 m7 si7 tsin1 ham3?
0029-5.25-03|tai5-uan5-lang5 m7-thang1 koh4 gong7-siunn7--ah4!
0029-5.26-03|lan2 tioh8 tui3 ji7-ji7-pat4 oh8-tioh8 kau3-hun3,"
0029-5.27-03|tioh8 ka7 tiong1-kok4-lang5 e5 tsin1 bin7-bok8 jin7 hoo7 tshing1 khuann3 hoo7 bing5!
0029-5.28-03|jit8-pun2 si5-tai7 in1-ui7 tai5-uan5 ham7 tiong1-kok4 e5 tsing3-ti7,bun5-hua3 hun1-li5,"
0029-5.29-03|ti3-su2 tsin1 tse7 tsiong5-su7 huan2-khong3,bin5-tsok8 un7-tong7 e5 sian9-pai2 tsin1 tsio2 u7 tiong1-kok4 king1-giam7."
0029-5.3-03|kin1-ni5 si7 ji7-ji7-pat4 kik4-bing7 tshit4-tsap8 tsiu1-ni5.
0029-5.30-03|in1 tui3 tiong1-kok4 e5 jin7-bat4 bo5-kau3,"
0029-5.31-03|tso7-sing5 in1 tui3 tiong1-kok4 u7 bok8-bing5 e5 ho2-kam2,"
0029-5.32-03|goo7-jin7 tsi2-u7 ua2-kho3“tsoo2-kok4”tai5-uan5 tsiah4 u7 tshut4-thau5-thinn1 e5 tsit8 kang1.
0029-5.33-03|it4 kiu2 su3 ngoo2 ni5 jit8-pun2 tsian3-pai7 tau5-hang5,"
0029-5.34-03|lian5-kun1 thong2-sue3 MacArthur tsi2-phai3 tiong1-kok4 tsian3-khu1 e5 tsiunn2 kai3-sik8 tai7-piau2 lian5-kun1
0029-5.35-03|tsiap4-kuan2 hit4-tong1-si5 hoo7 jit8-kun1 tsiam3-nia2 e5 tai5-uan5 kah4 uat8-lam5 pak4-poo7.
0029-5.36-03|tsiunn2 kai3-sik8 hun1-piat8 phai3 loo5 han3 kah4 tan5 gi5 tua3-nia2 kun1-tui7 tsin3-jip8 uat8-lam5 pak4-poo7 kah4 tai5-uan5.
0029-5.37-03|tsit4 e5 si5-ki5,"
0029-5.38-03|tsiunn2 kai3-sik8 ui7 ing3-hu3 tiong1-kok4 e5 lai7-tsian3,"
0029-5.39-03|to7 ui3 uat8-lam5 ham7 tai5-uan5 tshiunn2 tsin1 tse7 niu5-sit8 un7 tng2-khi3 tiong1-kok4.
0029-5.4-03|sui1-bong2 sat4-jin5 tsing3-tong2 tiong1-kok4-kok4-bin5-tong2 i2-king1 loh8-tai5,"
0029-5.40-03|in1-ui7 an2-ne1,"
0029-5.41-03|tai5-uan5 m7-tsiah4 e7 u7“si3-ban7 khoo1 uann7 tsit8 khoo1 sin1-tai5-phio3”e5 thong3-khoo2 king1-giam7.
0029-5.42-03|ti7 uat8-lam5,"
0029-5.43-03|tsiunn2 kai3-sik8 m7-na7 kai3-jip8 uat8-lam5 kok4-hue7 suan2-ki2 ma7 iau1-kiu5 tsiap4-kuan2-ha7 e5 uat8-lam5 tsing3-hu2
0029-5.44-03|ai3 hu3 tua7 phue1 e5 ng5-kim1 kah4 niu5-sit8 hoo7 tiong1-kok4-kok4-bin5-tong2.
0029-5.45-03|hit4-tong1-si5 e5 uat8-lam5 in1-ui7 tng5-ki5 tsian3-luan7 koh4 tu2-ho2 tu2-tioh8 ki1-hng1,"
0029-5.46-03|in1-ui7 niu5-sit8 bo5-kau3 koh4 ai3 ing3-hu3 tsiunn2 kai3-sik8 e5 siau2-tham1,"
0029-5.47-03|suah4 tso7-sing5 kui2-na7 pah4 ban7 uat8-lam5-lang5 iau1--si2.
0029-5.48-03|uat8-lam5 ling2-to7-tsia2 oo5 tsi3-bing5 khuann3 m7-si7-se3,"
0029-5.49-03|to7 lian5-hap8 huat4-kok4 e5 se3-lik8 iau1-kiu5 tsiunn2 kai3-sik8 ui3 uat8-lam5 thiat4-kun1.
0029-5.5-03|m7-koh4 tong1-tshoo1 ha7-ling7 tin3-ap4 thai5-si2 tai5-uan5-lang5 e5 hiong1-tshiu2 suah4 bo5 puann3 e5 siu7-tioh8 huat4-lut8 e5 tse3-tshai5.
0029-5.50-03|tsiunn2 kai3-sik8 bing5-tsai1 ka1-ki7 khah4 bo5-li2,"
0029-5.51-03|phinn7-a2 bong1--leh4 ti7 it4 kiu2 su3 liok8 ni5 the3-tshut4 uat8-lam5.
0029-5.52-03|lan2 uann7 tng2-lai5 kong2 tai5-uan5,"
0029-5.53-03|kau3 kah4 it4 kiu2 su3 ngoo2 ni5,"
0029-5.54-03|tai5-uan5-lang5 e5 ping5-kin1 kau3-iok8 pi2 tiong1-kok4 khah4 kuan5,"
0029-5.55-03|sing1-uah8 tsui2-tsun2 ma7 pi2 tiong1-kok4 khah4 hu3-ju7.
0029-5.56-03|m7-koh4 ti7 he1 tiong1-kok4 lai5 e5 tsing3-khuan5 bak8-tiong1,"
0029-5.57-03|tai5-uan5 si7 siu7“i7-bin5-tsok8 se2-nau2--kue3 e5 kau2-loo5-tsai5”,"
0029-5.58-03|soo2-i2 i1 ka7 jit8-pun2 tshut4-ping1 tiong1-kok4 e5 khi3 huat4-siap8 ti7 tai5-uan5-lang5 e5 sin1-khu1-ting2.
0029-5.59-03|tiong1-kok4 kun1-tui7 lai5-kau3 tai5-uan5 liau2,"
0029-5.6-03|na7 bo5 tsin3-hing5 tsuan2-hing5 tsing3-gi7 e5 tshing1-sng3,"
0029-5.60-03|tshiunn2--lah4,phian3--lah4,kuai2--lah4,kiong5-kan1 tsa1-boo2--lah4!"
0029-5.61-03|a1-li2-put4-tat8,im3-hing5 ah4-pa3 bu5 ok4 put4 tso3."
0029-5.62-03|tai5-uan5-lang5 e5 hun3-noo7 kah4 sit4-bong7 khai1-si2 sing1-kuan5.
0029-5.63-03|it4 kiu2 su3 tshit4 ni5,"
0029-5.64-03|in1-ui7 tsa1-tsip8 su1-ian1,"
0029-5.65-03|suah4 pok8-huat4 tai5-uan5-lang5 ham7 tiong1-kok4-lang5 tsi1-kan1 e5 tua7 tshiong1-tut8—ji7-ji7-pat4 kik4-bing7.
0029-5.66-03|piau2-bin7-siong7 si7 su1-ian1 tsa1-tsip8 e5 tshiong1-tut8,"
0029-5.67-03|sit8-tse3-siong7 si7 in1-ui7 king1-tse3 e5 pak4-siah4,"
0029-5.68-03|tsing3-ti7 e5 liong2-tuan7(tiong1-kok4-lang5 tsu2-tsiang2 it4-tshe3 tsu2-kuan2 te7-ui7),"
0029-5.69-03|bun5-hua3 e5 tsha1-i7,"
0029-5.7-03|tshua3 ing1-bun5 tsip4-tsing3 e5 tiong1-hua5-bin5-kok4 ham7 gua7-lai5 tsing3-khuan5 u7 siann2 tsha1-piat8?
0029-5.70-03|soo2 tso7-sing5 lik8-su2 e5 pit4-jian5!
0029-5.71-03|tai7-tsi3 tsit8 huat4-sing1,"
0029-5.72-03|tsuan5 tai5-uan5 tso3-tsit8-e7 ping2--kue3-lai5.
0029-5.73-03|“phah4 a1-suann1-a2”,“tiong1-kok4-ti1-a2 si2--tng2-khi3"""
0029-5.74-03|tsit8 si5-kan1,"
0029-5.75-03|tai5-uan5-lang5 e5“tsoo2-kok4 bang7”tshenn2--ah4!
0029-5.76-03|a1-se1-a1 e5 koo1-ji5 tsing1-sin5--looh4!
0029-5.77-03|tai5-uan5-lang5 the5-tshut4 sann1-tsap8-ji7 tiau5 tsing3-ti7 iau1-kiu5,"
0029-5.78-03|iau1-kiu5 tsing3-ti7 kik4-sin1,iau1-kiu5 tai5-uan5-lang5 tsu7-ti7."
0029-5.79-03|tse1 i2-king1 si7 tsin1 nng2-sing3 e5 iau1-kiu5,"
0029-5.8-03|tai5-uan5-lang5 ti7 tsit4 khuan2 the2-tse3-lai7 ma7 si7 tiong1-kok4-lang5 e5 loo5-tsai5 nia9.
0029-5.80-03|tan7-si7 tai5-uan5 hing5-tsing3 tiong2-kuann1 tan5 gi5 king3-jian5 tshin3-tshai2 ing3-hu3,"
0029-5.81-03|ke2-ho2-se3 kong2 bo5 bun7-te5,"
0029-5.82-03|am3-tiong1 suah4 lian5-lok8 tiong1-kok4 e5 ji7-tsap8-it4-su1 poo7-tui7 lai5 tin3-ap4 tai5-uan5-lang5.
0029-5.83-03|tan2 kun1-tui7 tsit8 tsiunn7-huann7,"
0029-5.84-03|tan5 gi5 to7 siau2-jin5-phi2 kai2-khau2,"
0029-5.85-03|hong3-jim7 kun1-tui7 tui3 bin5-tsiong3 khui1 tshing3.
0029-5.86-03|tiong1-kok4 kun1-tui7“lang5 liah8,tshu3 thiah4,ke1-a2 tsiau2-a2 liah8 kah4 bo5 puann3 tsiah4”,"
0029-5.87-03|kinn3-tioh8 tsa1-boo2 to7 kiong5-kan1,kinn3-tioh8 tai5-uan5-lang5 to7 khui1 tshing3"
0029-5.88-03|ji5-tshiann2 iong7 ian5-suann3 tsng3 kue3 lang5 e5 tshiu2-kut4,"
0029-5.89-03|ka7 liah8--tioh8 e5 tai5-uan5-lang5 pak8 kui1 kuann7,"
0029-5.9-03|tai5-uan5-ue7 kong2“nng2-thoo5-tshim1-kut8”.
0029-5.90-03|tsiah4 tan3 loh8 hai2.
0029-5.91-03|tai5-uan5-lang5 hun3-noo7--looh4!
0029-5.92-03|thian1-tsin1 e5 tai5-uan5-lang5 ng3-bang7 siong2-siong7-tiong1 e5“tsoo2-kok4”e5 thiann3-thang3,"
0029-5.93-03|suah4 king3-jian5 si7 tit4-tioh8 tsit4 khuan2 e5 ha7-tiunn5.
0029-5.94-03|tai5-uan5-lang5 an2-tsuann2 m7 hun3-noo7!
0029-5.95-03|an2-tsuann2 m7 siunn7-khi3?
0029-5.96-03|iong2-kam2 e5 tai5-uan5-lang5 tsoo1-sing5 ji7-tsap8-tshit4 poo7-tui7,"
0029-5.97-03|tui3-khong3“khit4-tsiah8 kuann2 bio7-kong1”e5 tiong1-kok4 gua7-lai5 tsing3-khuan5.
0029-5.98-03|kho2-sioh4,tai5-uan5-lang5 e5 bu2-tsong1 lik8-liong7 siunn1 jiok8,"
0029-5.99-03|koh4 bo5 kiong5-liat8 tsit4-gi5 tsiunn2 kai3-sik8 tsiam3-nia2 tai5-uan5 e5 hui1-huat4-sing3,"
0029-6.1-03|a1-pah4 e5 sim1-guan7
0029-6.10-03|m7 tsai1-iann2 li2 si7 teh4 pinn3 siann2-mih4 bang2--neh4!”
0029-6.100-03|“a1-pah4,tsit4 tiunn1 phue1 sia2--e5 kah4 gua2 ioh4--tioh8--e5 kang7-khuan2--neh4!”"
0029-6.101-03|a1-ka1 kong2 kah4 tshui3 khui1-khui1
0029-6.102-03|“li2 sit8-tsai7 u7-kau3 gau5--e5
0029-6.103-03|kam2 u7 kho2-lu7 koh4 beh4 thak8--khi2-khi3!”
0029-6.104-03|a1-pah4 bak8-tsiu1 teh4 siam2-sih4
0029-6.105-03|“hooh4!a1-pah4 mai3 it4-tit8 tshui1--lah4!
0029-6.106-03|m7 si7 koh4 u7 si5-kan1 e7-tang3 kho2-lu7--leh4!”
0029-6.107-03|a1-ka1 kam2-kak4 a1-pah4 it4-tit8 kong2 tsiok4 huan5--e5
0029-6.108-03|a1-pah4 khuann3-tioh8 a1-ka1 e5 bin7-tshiunn1 phainn2-khuann3--ah4
0029-6.109-03|to7 m7 kann2 koh4 mng7--ah4!
0029-6.11-03|a1-bu2 kong2--tioh8 to7 siunn7-khi3
0029-6.110-03|tsit8 tang1 kue3--khi3--ah4
0029-6.111-03|a1-ka1 i2-king1 siunn7 ho2 beh4 tsiah8 siann2-mih4 thau5-loo7
0029-6.112-03|to7 si7 tso3 tai5-gi2 bun5-hua3 e5 pian1-tsip8,"
0029-6.113-03|e7-tang3 koo3-tioh8 hing3-tshu3 ma7 e7-sai2 uan5-sing5 a1-pah4 e5 sim1-guan7,"
0029-6.114-03|tse1 kio3-tso3 it4 kiam1 ji7 koo3
0029-6.115-03|bong1 la5-a2 kiam1 se2 khoo3--lah4!
0029-6.116-03|i1 tso3 e5 khang1-khue3 ham7 a1-pah4 soo2 siunn7--e5 kang7-khuan2
0029-6.117-03|in1 pe7-a2-kiann2 sim1 si7 sio1-thong1--e5--ooh4!
0029-6.118-03|au7--lai5,sui1-bong2 a1-ka1 tsiam7-si5 bo5 beh4 thak8 khah4 kuan5--e5"
0029-6.119-03|m7-koh4 tui3 a1-pah4 lai5 kong2 i2-king1 si7 tsit8 e5 tsiok4 ho2 e5 tai7-tsi3--ah4!
0029-6.12-03|“bo5--lah4!ah4 to7 tsue3-kin7 bo5-ing5 tai7-hak8 e5 tai7-tsi3--lah4!”
0029-6.13-03|“iah4-bo5 li2 si7 tong3-tso3 gua2 teh4 pinn3 siann2-mih4 khang1--ooh4!”
0029-6.14-03|a1-ka1 kong2 liau2 u7 tsit8-tiam2-a2 kui1 pak4-too2 hue2.
0029-6.15-03|“ooh4!si7 an2-ne1--ooh4
0029-6.16-03|ho2--lah4!sng3 a1-bu2 goo7-hue7--li2
0029-6.17-03|ka7 li2 hue7-sit4-le2--lah4!a1-bu2 kam2-kak4 tsin1 phainn2-se3”
0029-6.18-03|“ho2--lah4!gua2 tsai1-iann2 li2 tui3 gua2 e5 tai7-hak8 sing1-uah8 bo5 liau2-kai2
0029-6.19-03|gua2 be7 ka7 li2 siunn7-khi3--lah4--hooh4!”
0029-6.2-03|tsok4-tsia2:ko1 ka1-hui1
0029-6.20-03|a1-ka1 ka7 a1-bu2 giu2 khi3 pinn1--a2 se3-siann1 kong2
0029-6.21-03|a1-pah4 si7 tsit8 e5 ti7 kok4-sio2 ka3 tai5-gi2 e5 lau7-su1
0029-6.22-03|i1 tsiok4 siunn7-beh4 kio3 i1 e5 gin2-a2 a1-ka1 khi3 thak8 tai5-bun5-soo2
0029-6.23-03|in1-ui7 a1-ka1 koh4 tsit8 tang1 to7 beh4 pit4-giap8--ah4!
0029-6.24-03|i1 siunn7-beh4 kio3 i1 thuan5-sing5 tsit4 e5 tsit4-giap8,"
0029-6.25-03|m7-koh4 a1-ka1 i1 si7 tui3 ge7-sut8 tsit4 hong1-bin7 u7 hing3-tshu3
0029-6.26-03|tshiunn7 piau2-ian2 iah4-si7 tso3 tshiu2-ge7-phin2
0029-6.27-03|i1 long2 tsiok4 u7 hing3-tshu3--e5
0029-6.28-03|a1-pah4 sim1-lai7 siunn7:“na7 si7 an2-ne1,ma7 be7-tang3 bian2-kiong2--i1--lah4!"
0029-6.29-03|m7-koh4 a1-ka1 tui3 sia2-tsok4 ma7 tsin1 u7 hing3-tshu3--neh4!
0029-6.3-03|“bin5-a2-tsai3 ai3 e7-ki3-tit4 khi3 hak8-hau7 the3 gua2 siu1 phue1--ooh4!"""
0029-6.30-03|bo5-it4-ting7 e7-tang3 ong2 ge7-sut8 e5 tai5-gi2 sia2-tsok4--ooh4!”
0029-6.31-03|an2-ne1 siunn7
0029-6.32-03|a1-pah4 hiong5-hiong5 thoo2 tsit8 e5 tua7-khui3
0029-6.33-03|a1-bu2 khuann3--tioh8
0029-6.34-03|to7 mng7 a1-pah4 i1 si7 teh4 siunn7 siann2-mih8-hue3
0029-6.35-03|am3-si5-a2
0029-6.36-03|a1-bu2 ka7 png7-tshai3 tshuan5 hoo7 ho2-se3--ah4
0029-6.37-03|to7 kio3 tak8-e5 lai5 tsiah8-png7
0029-6.38-03|toh4-ting2 e5 tshai3 u7-kau3 tshenn1-tshau1
0029-6.39-03|a1-ka1 khuann3--tioh8 teh4-beh4 lau5 tshui3-nua7--ah4
0029-6.4-03|a1-pah4 teh4 ka7 a1-ka1 kong2
0029-6.40-03|“a1-bu2 li2 tsu2 e5 tshai3 u7-kau3 phang1--e5
0029-6.41-03|e1-hng1-am3 tsit4 tng3 gua2 beh4 tsiah8 khah4 tse7--leh4”
0029-6.42-03|a1-ka1 kong2-tioh8 tse1
0029-6.43-03|bak8-tsiu1 teh4 siam2-sih4
0029-6.44-03|tsit4-ke1-hue2-a2 sann1 e5 lang5 tsit8 khai1-si2 teh4 tsiah8-png7 long2 tiam7-tsuh4-tsuh4,"
0029-6.45-03|au7--lai5 a1-pah4 khui1-tshui3 sing1 kong2:
0029-6.46-03|“a1-ka1,li2 si7 m7 si7 tui3 sia2-tsok4 u7 hing3-tshu3--ah4?”"
0029-6.47-03|“tioh8--ah4,a1-pah4 li2 thai3 e7 tsai1-iann2?”"
0029-6.48-03|a1-ka1 u7 tsit8-tiam2-a2 m7 kann2 siong1-sin3
0029-6.49-03|ui3 a1-pah4 e5 tshui3 kong2-tioh8 i1 ai3 tso3 e5 tai7-tsi3
0029-6.5-03|""ho2,gua2 tsai1--ah4"""
0029-6.50-03|“gua2 e7-ki3-tit4 ku7-ni5 kau2--gueh8 kah4 kin1-ni5-tshe1
0029-6.51-03|li2 sia2 e5 bun5-tsiunn1 u7 hoo7 BONG po3 khan1--tshut4-lai5!”
0029-6.52-03|a1-pah4 kong2 kah4 ai3-tshio3
0029-6.53-03|a1-pah4 sua3--loh8-lai5 koh4 kong2:
0029-6.54-03|“li2 si7 m7 si7 u7 thau1 oh8 tai5-gi2--ah4
0029-6.55-03|li2 hia1 oh8 e5 tsheh4 si7 khng3 ti7 gua2 tsheh4-pang5 lai7-te2 e5 tsheh4--honnh4?”
0029-6.56-03|“a1-pah4,li2 sit8-tsai7 siunn1 kue3 li7-hai7--ah4!"
0029-6.57-03|gua2 khak4-sit8 u7 oh8,ah4 tong5-oh8 ma7 u7 ka7 gua2 ka3--ooh4!”"
0029-6.58-03|a1-ka1 kong2 kah4 bin7 long2 ang5--khi3--ah4!
0029-6.59-03|“a1-pah4 ng3-bang7 li2 thak8 tai5-bun5-soo2 e5 tai7-tsi3 li2 kam2 u7 kho2-lu7?”
0029-6.6-03|tsi2-si7 siunn7-tioh8 thau3-tsa2 to7 ai3 tshut4-mng5
0029-6.60-03|a1-pah4 sua3--loh8-khi3 kong2
0029-6.61-03|“gua2 ki5-sit8 u7 siunn7--kue3
0029-6.62-03|m7-koh4 gua2 siunn7-beh4 tai7-hak8 pit4-giap8 liau2-au7 to7 khi3 tsiah8-thau5-loo7--neh4!”
0029-6.63-03|a1-pah4 tsit4-ma2 sim1-tsing5
0029-6.64-03|m7 tsai1-iann2 an2-tsuann2 khin1-sang1 tsiok4 tse7--ah4!
0029-6.65-03|“gua2 tsai1-iann2 a1-pah4 siunn7-beh4 kio3 gua2 uan5-sing5 i1 e5 sim1-guan7,"
0029-6.66-03|m7-koh4 na7-si7 thak8 tai5-bun5-soo2
0029-6.67-03|m7 tsai1 kam2 e7 tsiok4 khun3-lan5--bo5?”
0029-6.68-03|a1-ka1 sim1-lai7 teh4 siunn7 tsit4 kiann7 tai7-tsi3
0029-6.69-03|keh4-kang1 thau3-tsa2
0029-6.7-03|gua2 to7 kam2-kak4 e7 thiam2!
0029-6.70-03|a1-ka1 khi2-tshng5 khi3 hak8-hau7 the3 a1-pah4 siu1 phue1,"
0029-6.71-03|i1 khuann3-tioh8 tsit8 tiunn1 phue1 sia2 lo5-ma2-ji7 hiap8-hue7
0029-6.72-03|kam2-kak4 kong2 ui7-siann2-mih8 hiap8-hue7
0029-6.73-03|thai3 e7 kia3 tse1 hoo7 a1-pah4--neh4?
0029-6.74-03|“ah4!kam2-kong2 si7 beh4 kio3 i1 khi3 tsit4 e5 hiap8-hue7 e5 kau3-sik4 siong7-kho3?”
0029-6.75-03|a1-ka1 sim1-lai7 ti7 hia1 ioh4
0029-6.76-03|“a1-pah4,gua2 the3 li2 siu1--tioh8--ah4,theh8 hoo7--li2--ooh4!"""
0029-6.77-03|a1-ka1 siunn7 tsit8-e7 gang7--khi3
0029-6.78-03|“a1-ka1 to1-sia7--li2--ooh4!
0029-6.79-03|li2 ka7 a1-pah4 tau3-sann1-kang7,tsan2--lah4!”"
0029-6.8-03|a1-ka1 kong2 kah4 teh4 gong7-sin5
0029-6.80-03|a1-pah4 mua2-bin7 tshun1-hong1
0029-6.81-03|a1-pah4 tsit8 theh8--tioh8
0029-6.82-03|to7 phah4-khui1 lai5 khuann3
0029-6.83-03|lai7-te2 sia2 kong2:“ko1 lau7-su1 li2 ho2
0029-6.84-03|gua2 si7 lo5-ma2-ji7 hiap8-hue7 e5 lim5--sian1-sinn1
0029-6.85-03|siunn7-beh4 iau1-tshiann2--li2
0029-6.86-03|tso3 guan2 tai5-gi2 su1-tsu1-pan1 e5 kang2-su1
0029-6.87-03|m7 tsai1-iann2 li2 kam2 u7 i3-guan7--bo5?
0029-6.88-03|lim5--sian1-sinn1 king3-khe2”
0029-6.89-03|a1-pah4 na2 khuann3 phue1 na2 liam7
0029-6.9-03|“haih4-iah4,li2-si7 khun3 bo5 pa2--ooh4!"
0029-6.90-03|tsit4-si5,a1-ka1 kiann5--kue3-lai5"
0029-6.91-03|tu2-tu2-a2-ho2 hoo7 i1 thiann1--tioh8
0029-6.92-03|sim1-lai7 siunn7-kong2,hoo7 gua2 ioh4--tioh8--neh4!"
0029-6.93-03|a1-pah4 khuann3-tioh8 a1-ka1 khia7 ti7 i1 e5 bin7-thau5-tsing5
0029-6.94-03|to7 beh4 ka7 kong2
0029-6.95-03|tsit4-si5,a1-ka1 ka7 a1-pah4 kong2:"
0029-6.96-03|“li2 kong2--e5,gua2 long2 u7 thiann1--tioh8--ooh4!”"
0029-6.97-03|a1-pah4 khuann3-suah4 liau2-au7
0029-6.98-03|pian3-tso3 tsit8 e5 ho2-tshio3-sin5
0029-6.99-03|kai3 sing5 tit4-tioh8 tua7-tsiong2 kang7-khuan2
0035-1.1-03|sua3-loh8-lai5 khuann3 hun5-lim5-kuan7 mia5-a2-tsai3 sann1 tsap8 it4 ho7 e5 thinn1-khi3
0035-1.2-03|un1-too7 tsap8 lak8 tsi3 tsap8 peh4 too7,loh8-hoo7 ki1-lut8 tsap8%"
0035-1.3-03|lai5-pin1 lak8 pah4 si3 tsap8 goo7 ho7 tshiann2-lai5 tsap8 ho7 kui7-tai5 pan7-li2
0035-1.4-03|long2-tsong2 tsit8 pah4 sann1 tsap8 tshit4 khoo1,tsau7 li2 lak8 tsap8 sann1 khoo1"
0035-1.5-03|kin1-a2-lit8 si7 sann1-gueh8 ji7 liok8,pai3-it4"
0035-1.6-03|gua2 e5 hoo7-tsiau3 ho7-be2 si7 su3 it4 sam1 kiu2 it4 khong3 ji7 su3 liok8
0035-1.7-03|gun2-tau1 e5 tian7-ue7 ho7-be2 si7 khong3 sam1 su3 kiu2 liok8 sam1 su3 tshit4 sam1
0035-1.8-03|i1-ti7 it4 kiu2 su3 kiu2 ni5 tshut4-si3
0035-1.9-03|tshiann2 pang1 gua2 tsuan2 hun1-ki1 su3 sam1 tshit4 su3
0035-2.1-03|sin1-senn1,tsia1 u7 li2 e5 kua3-ho7-phue1.li2 u7 in3-a2--bo5?"
0035-2.10-03|beh4 kia3 hang5-khong1--e5,si7--bo5?"
0035-2.11-03|si7.
0035-2.12-03|tsap8-lak8 khoo1.long2-tsong2 peh4-tsap8-ji7 khoo1.
0035-2.13-03|gua2 beh4 koh4 kia3 pau1-ko2.tshiann2-mng7,pau1-ko2 beh4 an2-tsuann2 kia3?"
0035-2.14-03|tshiann2-li2 khi3 ji7 ho7 e5 thang1-a2-khau2.
0035-2.15-03|to1-sia7.
0035-2.16-03|sio2-tsia2,gua2 beh4 phah4 tian7-ue7 hoo7 gua2 e5 ping5-iu2."
0035-2.17-03|tshiann2-mng7,kong1-kiong7 tian7-ue7 ti7 to2-ui7?"
0035-2.18-03|ti7 iu5-kiok8 e5 gua7-bin7.
0035-2.19-03|gua2 tsit8-pah4 khoo1 hoo7 li2 tsau7.
0035-2.2-03|bo5.e7-sai2 tshiam1-mia5--be7?
0035-2.20-03|tshiann2 li2 tsau7 gua2 tsit8-kua2 tsit8 khoo1 e5 gin5-kak4-a2,ho2--bo5?"
0035-2.3-03|e7-sai2,m7-koh4 au7 pai2 tioh8 ai3 tsah4 in3-a2 lai5."
0035-2.4-03|sio2-tsia2,gua2 beh4 be2 nng7 tiunn1 sann1 khoo1 e5 iu5-phio3."
0035-2.5-03|iau2 ai3 siann2-mih8--bo5?
0035-2.6-03|beh4 kia3 khi3 bi2-kok4 e5 iu5-kan2,tsit8 tiunn1 lua7 tse7 tsinn5?"
0035-2.7-03|tsit8 tiunn1 tsap8-ji7 khoo1.
0035-2.8-03|gua2 ai3 goo7 tiunn1.
0035-2.9-03|tsit4 tiunn1 phue1 kia3 kau3 bi2-kok4 gua7 tse7 tsinn5?
0035-3.1-03|iong7 tai5-gu2 hoo7 se3-kan1-lang5 tsai1-iann2 lan2 si7 tai5-uan5-lang5
0035-3.10-03|iong7 ing1-gi2 ke3-siok8 kong2,"
0035-3.11-03|“gua2 it4-tit8 u7 leh4 thiann1 lin2 kong2-ue7,"
0035-3.12-03|m7-koh4,li2 e5 gi2-gian5 gua2 m7 bat4 thiann1--kue3,"
0035-3.13-03|gua2 tsai1 he1 m7 si7 Mandarin,"
0035-3.14-03|li2 kong2 e5 ue7 kah4 Mandarin tsin1 bo5 kang7...”
0035-3.15-03|tsu7-tsiong5 tsih4-tsiap4,tsai1-iann2 u7 tai5-gi2-bun5 i2-au7,"
0035-3.16-03|gua2 kui1-ting7 ka1-ti7 ti7 sing1-uah8-tiong1,"
0035-3.17-03|tsin7-liong7 iong7 ka1-ti7 e5 bo2-gi2──tai5-gi2──ham7 lang5 kong2-ue7 kau1-tam5,"
0035-3.18-03|ma7 kiong5-pik4 ka1-ti7 hak8-sip8 tai5-gi2 han3-ji7,tai5-lo5 phing1-im1,"
0035-3.19-03|tsham1-ka1 tai5-gi2 thak8-tsheh4-hue7,"
0035-3.2-03|tsok4-tsia2:li2 hong1-ling5
0035-3.20-03|khuann3 tai5-gi2 bun5-tsiunn1,si1-tsok4,sio2-suat4,hi3-khik4 ting2-ting2,"
0035-3.21-03|lai5 tsing1-ka1,the5-sing1 ka1-ti7 tai5-gu2-bun5 e5 thing5-too7."
0035-3.22-03|tsuann2 e7 tsai1 tsit4 khuan2 tse3-iok4 ka1-ti7 gi2-gian5 e5 sip8-kuan3 kah4 piau2-tat8,"
0035-3.23-03|suah4 ti7 tshut4-kok4 lu2-iu5 e5 si5,"
0035-3.24-03|hoo7 gua7-kok4-lang5 kuan1-tshat4--tioh8,khuann3--tioh8,"
0035-3.25-03|ui3 tsia1 lai5 jin7-bat4 in1 m7 tsai1 e5 tai5-uan5 kok4-ka1 ham7 jin5-bin5.
0035-3.26-03|tshin1-tshiunn7,"
0035-3.27-03|in1-ui7 lan2 iong7 tai5-gi2 ho2-le2-a2 kong2-ue7 piau2-tat8,"
0035-3.28-03|jit8-pun2-lang5 tsai1-iann2 lan2 si7 tui3 tai5-uan5 lai5,"
0035-3.29-03|sui5 iong7 sing5-khun2 e5 thai7-too7 it4-tsai3 ka7 lan2“a1-li2-ga2-tooh4”.
0035-3.3-03|ti7 pak4-au1 lu2-iu5 e5 te7-sann1 kang1,"
0035-3.30-03|ti7 bi2-kok4 thong1-kuan1 e5 si5,"
0035-3.31-03|siau3-lian5 e5 hai2-kuan1 jin5-uan5,"
0035-3.32-03|tshiann2 lan2 ka7 ka3 tshing2-an1 mng7-ho2 e5 tai5-uan5-ue7.
0035-3.33-03|Dubai phang5-tsun5 png7-tiam3 e5 ma2-lai5-se1-a1-tsik8 hok4-kian3 tsong2-phoo3-sai1,"
0035-3.34-03|huann1-hi2 kah4 tshua7 lan2 tsham1-kuan1 in1 tsu2-tsiah8 e5 tsau3-kha1.
0035-3.35-03|ke3 ti7 hun1-lan5 tsai7-te7 e5 hua5-gi2 to7-iu5,"
0035-3.36-03|thiann1-tioh8 i1 tsiap4-thai7 e5 tai5-uan5 hiong1-tshin1 iong7 tai5-gi2 kau1-tam5,"
0035-3.37-03|kam2-sim1 kah4 au5-tinn7 bak8-khoo1 ang5.
0035-3.38-03|o3-tsiu1 sai1-ping5 Perth casino e5 ma2-lai5 tsong2-phoo3,"
0035-3.39-03|tsu2-tong7 bun7-sio1 sit8-but8 hoo7 ti7 hai2-gua7 tso3-kang1 too7-ka2 e5 tai5-uan5 gin2-a2 tsiah8;
0035-3.4-03|hi1-liap8-tsik8 e5 su1-ki1 bin7 tai3 giau5-gi5 se3-ji7 mng7--gua2,"
0035-3.40-03|lam5-ping5 Tasmania to2-siong7,"
0035-3.41-03|tiong1-kok4 pak4-kiann1,siong7-hai2-tsik8 e5 siau3-lian5-ke1 su1-ki1 kiam1 to7-iu5,"
0035-3.42-03|liau2-kai2 tai5-uan5-lang5 e5 gi2-gian5 khak4-sit8 si7 ham7 in1 tiong1-kok4 bo5 kang7.
0035-3.43-03|to7 si7 u7 tsun2-pi7 tai5-uan5 bin5-iau5 e5 kua1-phoo2 kah4 kua1-a2-tiau7 tshut4-kok4 lu2-iu5 liam7-tshiunn3,"
0035-3.44-03|thoo2-ni2-ki5 Cappadocia tua7-png7-tiam3 e5 tshan1-thiann1-poo7 king1-li2,"
0035-3.45-03|pai3-thok4 lan2 ka7 kua1-phoo2 hoo7 in1 khoo2-phih4,"
0035-3.46-03|hoo7 in1 e5 gak8-su1 thang1 ian2-tsau3 khah4 tsue7,khah4 to1-guan5 e5 se3-kai3 im1-gak8,"
0035-3.47-03|lai5 hoo7 kok4-kok4 e5 lang5-kheh4 thiann1.
0035-3.48-03|lan2 e5“bang7-tshun1-hong1”m7-na7 hian3-tshiunn3 hoo7 pak4-au1 Sami guan5-tsu7-bin5 thiann1,"
0035-3.49-03|koh4 ti7 kiap4-uan1 png7-tiam3 tshiann2 gak8-thuan5 the3 lan2 phuann7-tsau3;
0035-3.5-03|kam2-si7 kah4 tiong1-kok4-lang5 tso3-hue2 tau3-tin7 tshit4-tho5?
0035-3.50-03|ti7 kiap4-uan1 tsng3 pong7-khang1 e5 si5,"
0035-3.51-03|kui1-tshia1 leh4 tshiunn3“tiuh4 tiuh4 tang5-a2”,"
0035-3.52-03|ian5-loo7 na7 tshiunn3-tioh8“tiuh4”e5 si5,"
0035-3.53-03|gua7-tsik8 su1-ki1 tio7 tshih8 la2-pah4 lai5 tsan3-siann1.
0035-3.54-03|koh4 u7,bong5-koo2 tua7 tshau2-poo1-ting2,"
0035-3.55-03|tsiau3-koo3 guan2 khia5-be2 tshit4-tho5 e5 bok8-tiunn5 gin2-a2,"
0035-3.56-03|thiann1 guan2 tshiunn3“sin1 khia5 peh8 be2...”,"
0035-3.57-03|sim1-sik4,huann1-hi2 kah4 it4-tit8 pue5 guan2 tsau2-kiann5."
0035-3.58-03|ti7 i7-kok4,i7-hiong1 tu2--tioh8 e5 tai5-uan5-lang5,"
0035-3.59-03|na7 thiann1 lan2 iong7 tai5-gu2 siau7-kai3 kau1-tam5,"
0035-3.6-03|gua2 ka7 kai2-sueh4,"
0035-3.60-03|tiann7-tiann7 long2 e7 tshut4-siann1 kong2:
0035-3.61-03|“tsiann5 ku2 m7 bat4 thiann1-tioh8 tai5-uan5-ue7--ah4”,"
0035-3.62-03|“lan2 e5 tai5-gu2 tio7 si7 tsiah4-ni7 ho2-thiann1,tsiah4-ni7 sui2”,"
0035-3.63-03|“tai5-gi2 kam2 u7 leh4 ka3?”,"
0035-3.64-03|“lian3-tng2 e5 tai5-uan5-ue7 na2-tshiunn7 leh4 tshiunn3-kua1”,"
0035-3.65-03|“tai5-gu2 bun5-hua3 ai3 po2-liu5”,"
0035-3.66-03|“toh4-ui7 thang1 oh8 tai5-gu2”...
0035-3.67-03|si7--lah4,"
0035-3.68-03|ti7 ji7-tsap8-it4 se3-ki2 to1-guan5,to1-iunn7 e5 jin5-lui7 se3-kai3 tiong1,"
0035-3.69-03|sing1-tiong2 ti7 thai3-ping5-iunn5 sai1-ping5 tsit4 tsiah4 hai2-ang1 ting2 e5 tai5-uan5-lang5,"
0035-3.7-03|“guan2 m7 si7 tiong1-kok4-lang5,"
0035-3.70-03|bo5-lun7 ti7 se3-kai3 siann2-mih4 soo2-tsai7,"
0035-3.71-03|lan2 ai3 iong7 lan2 ka1-ti7 e5 gi2-gian5,kua1-siann1,im1-gak8,bun5-ji7,hi3-khik4,lik8-su2,"
0035-3.72-03|hiong3 kok4-tse3 tshut4-siann1 ting7-gi7:
0035-3.73-03|tsia1 si7 tai5-uan5,lan2 si7 tai5-uan5-lang5!"
0035-3.8-03|guan2 si7 tai5-uan5-lang5.”
0035-3.9-03|tsit4 ui7 su1-ki1 iong7 tshiu2 pi2-ueh8,"
0035-4.1-03|hoo7 tsham1-tsing3 e5 siau3-lian5-lang5 kai2-pian3 sia7-hue7 e5 ki1-hue7
0035-4.10-03|li2 na7 ka7 ka1-ti7 e5 ting7-ui7 giu2 khah4 kuan5,khah4 hng7--leh4,"
0035-4.11-03|tio7 e7 huat4-hian7 ka1-ti7 u7 bu5-han7 e5 tsai5-tiau7.
0035-4.12-03|tsia1 siong7 iau3-kin2 e5 kuan1-tsat4 si7──li2 kam2 guan7-i3 khi2-kha1 kiann5 hiong3 tsit4 tiau5 loo7.”
0035-4.13-03|tse1 tio7 si7 kai2-pian3 e5 iong2-khi3.
0035-4.14-03|lan2 tng5-ku2 i2-lai5 khiam3-khuat4 kai2-pian3 e5 kian1-sim1.
0035-4.15-03|kue3-khi3 tse7-tse7 tsing3-ti7 jin5-but8 long2 e7 kong2""ui5-tshi5 hian7-tsong7”tsit4 ku3 ue7,"
0035-4.16-03|tse1 khing5-sit8 long2 si7 tsing3-ti7 jin5-but8 e5 ue7-sut8,"
0035-4.17-03|khi1-phian3 bin5-tsiong3 nia5.
0035-4.18-03|su7-sit8 si7 suan2-ki2 liau2-au7,"
0035-4.19-03|ui7-tioh8 tsing3-ti7 jin5-but8 ka1-ti7 siong7 tua7 e5 li7-ik4,"
0035-4.2-03|tsok4-tsia2:too7 sin3-liong5
0035-4.20-03|kue3-khi3 e5 tsing3-kian3 m7-na7 phah4-tsiat4 koh4 khuann3 bo5 tsit8 e5 iann2.
0035-4.21-03|bin7-tui3 tai5-uan5 e5 hian7-tsong7,"
0035-4.22-03|iu5-ki5 si7 bin7-tui3 tiong1-kok4 e5 huainn5-pa3,"
0035-4.23-03|lan2 ing1-kai1 put4-si5 su1-kho2“kai2-pian3”tsiah4 tioh8.
0035-4.24-03|tse1 ma7 si7 tsit4 kui2 ni5 lai5,"
0035-4.25-03|tsing3-khuan5 lun5-the3 e5 ho2-tshu3,"
0035-4.26-03|sui1-bong2 tsin1 tse7 tai7-tsi3 iu5-guan5 m7 si7 lan2 soo2 ng3-bang7--e5 an2-ne1.
0035-4.27-03|tsong2--si7,lan2 ai3 li2-kai2 sit8-bin5 pa3-khuan5 m7 si7 tsit8,nng7 tang1 e5 tai7-tsi3,"
0035-4.28-03|kong1-bin5 soo3-iong2 ma7 ai3 king1-kue3 put4-tuan7 e5 khe2-bong5,kak4-tshenn2 tsiah4 thang1 u7“kai2-pian3”e5 khi2-thau5."
0035-4.29-03|soo2-ti3,"
0035-4.3-03|tse1 si7 gua2 khah4 lim2 tsit8 tang1 tsing5,"
0035-4.30-03|ki1-tsin3-tong2 tsin1 tse7 siau3-lian5-lang5 suan2-tik8 tsham1-tsing3,"
0035-4.31-03|suan2-tik8 kiann5 ka1-ti7 e5 loo7,"
0035-4.32-03|ng3-bang7 tak8-ke1 tso3-hue2 phah4-piann3,"
0035-4.33-03|hoo7 lan2 tai5-uan5-lang5 tua7-siann1 huah4 tshut4 ka1-ti7 e5 mia5,"
0035-4.34-03|tui1-kiu5 kong1-gi7 koh4 tsin3-poo7 e5 kok4-ka1.
0035-4.35-03|thok8-tsia2 na7 tsim1-tsiok4 kuan1-tshat4,"
0035-4.36-03|u7 tse7-tse7 siau3-lian5-lang5 kian1-sim1 beh4 phah4-phua3 kue3-khi3 kok4-bin5-tong2 tsing3-hu2 sit8-bin5 e5 tsin1-siong3,"
0035-4.37-03|siu2-hoo7 tai5-uan5-lang5 e5 li7-ik4,"
0035-4.38-03|lan2 kam2 u7 hoo7 in1 tsit8 e5“sit8-tsian7”e5 ki1-hue7?
0035-4.39-03|lan2 kam2 u7 hoo7 ka1-ti7 tsit8 e5“kai2-pian3”e5 ki1-hue7?
0035-4.4-03|ui3 ki1-tsin3-tong2 e5 tsing3-ti7 tian7-tsu2-po3 khuann3--tioh8--e5:
0035-4.40-03|kue3-khi3 lan2 bo5 tsun2-pi7 beh4 kiann5 hiong3 tsit8 e5 tsing3-siong5 e5 kok4-ka1,"
0035-4.41-03|tso3 ka1-ti7 e5 tsu2-lang5.
0035-4.42-03|hian7-tshu2-si5,"
0035-4.43-03|lan2 kam2 koh4 beh4 ka7 lan2 e5 bi7-lai5 kau1 hoo7 tui3 lan2 thoo2-te7 bo5 kam2-tsing5 e5 lang5?
0035-4.44-03|kau1 hoo7 hia1-e5 ua2 sing1-li2-lang5 e5 li7-ik4 siat4-siong2 e5 lang5?
0035-4.45-03|kau1 hoo7 tui3 kai2-kik4 bo5 jiat8-tsing5,kan1-tann1 tui3 kim1-tsinn5 u7 hing3-tshu3 e5 tsing3-ti7 se3-ka1?"
0035-4.46-03|suan2-ki2 ing3-kai1 si7 lan2 tshiau1-tshue7“kai2-pian3”e5 khi2-thau5,"
0035-4.47-03|lan2 koh4 khuann3 tsue3-kin7 lo5-kang1 bun7-te5,tsuan2-hing5 tsing3-gi7,kok4-bin5-tong2 tong2-san2 bun7-te5,"
0035-4.48-03|gi2-gian5 huat4-tian2-huat4,khong1-khi3 u1-jiam2,thoo2-te7 ting1-siu1 bun7-te5,"
0035-4.49-03|long5-giap8 kai2-kik4,kok4-bin5 ki1-pun2 kau3-iok8 kho3-kong1…ting2-ting2,"
0035-4.5-03|“u7 iong2-khi3 m7 si7 tai7-piau2 long2 be7 kiann1-hiann5,"
0035-4.50-03|bo5 tsit8 hang7 m7 si7 kok4-ka1 tsing3-siong5-hua3 ai3 khi3 bin7-tui3 e5 bun7-te5.
0035-4.51-03|pit4-tsia2 jin7-ui5,"
0035-4.52-03|kai2-pian3 e5 kha1-poo7 ai3 koh4-khah4 kin2--leh4,"
0035-4.53-03|tse7-tse7 tai7-tsi3 m7 si7 iong7 tshui3 kong2,"
0035-4.54-03|khuan5-li7 kah4 tsing3-gi7 tio7 e7 ui3 thinn1-ting2 lak4--loh8-lai5.
0035-4.55-03|hing5-tong7 tsiah4 u7 lik8-liong7.
0035-4.56-03|tsing3-ti7 si7 lan2 sing1-uah8 e5 tai7-tsi3,"
0035-4.57-03|lan2 bo5 ing1-kai1 jin7-ui5 tsing3-ti7 si7 lah4-sap4,thai2-ko1--e5;"
0035-4.58-03|he1 si7 lang5 e5 bun7-te5,"
0035-4.59-03|si7 lan2 ka7 li2-siong2 kau1 hoo7 m7-tioh8 e5 lang5,"
0035-4.6-03|si7 jin7-bat4 u7 pi2 kiann1-hiann5 koh4-khah4 tiong7-iau3 e5 mih4-kiann7,"
0035-4.60-03|ka7 khuan5-lik8 pang3 hoo7 m7-tioh8 e5 lang5,"
0035-4.61-03|tsiah4 e7 an2-ne1.
0035-4.62-03|tsong2--si7,"
0035-4.63-03|lan2 bo5 ing1-kai1 hong3-khi3 ta2-tso7""beh4 kian3-lip8 koh4-khah4 kian7-tsuan5 e5 kok4-ka1,koh4-khah4 kong1-gi7 e5 sia7-hue7”e5 ng3-bang7."
0035-4.64-03|“suan2-ki2”si7 hian7-tsu2-si5 kai2-pian3 tai5-uan5 tiann7-tioh8 ai3 kiann5 e5 loo7-suann3,"
0035-4.65-03|lan2 tak8-ke1 bo5-it4-ting7 long2 e7 sit8-tse3 tsham1-u2 tso3 tsing3-ti7 jin5-but8,"
0035-4.66-03|m7-ko3 lan2 e5 suan2-phio3 si7 tsin1-tu2-tsin1 e5 tsing3-ti7 tsu1-san2.
0035-4.67-03|suan2-phio3 si7 lan2 siong7 ho2 e5 bu2-khi3,"
0035-4.68-03|khi3 tui3-khong3 hia1-e5 put4-kong1-put4-gi7 e5 tsing3-hu2 kuann1-guan5,"
0035-4.69-03|tse1 si7 lan2 sin1-ui5 tsit8 e5 kong1-bin5 ai3 jin7-bat4--e5.
0035-4.7-03|u7 khi3-phik4 m7 si7 ban7-hang7 tai7-tsi3 tio7 long2 bo5 bun7-te5--ah4,"
0035-4.8-03|kue3-thau5 tsim1-tsiok4 huan7-se3 tui3 tai7-tsi3 be7 u7 siann2 pang1-tsan7.
0035-4.9-03|ui3 tsit4-ma2 khai1-si2,"
0035-5.1-03|thuat4-han3 tsiah4 si7 tai5-uan5 e5 ping5-an1-hu5
0035-5.10-03|m7-ko3,"
0035-5.11-03|tui3-tioh8 poo7-hun7 si7-ui1 bin5-tsiong3 goo7-kai2 tai5-uan5-lang5 si7 tiong1-kok4-lang5,"
0035-5.12-03|koh4 iong7 pok8-lik8 e5 hong1-sik4 gui5-hai7 tai5-siong1 senn3-mia7 tsai5-san2 e5 hing5-ui5,"
0035-5.13-03|lan2 ma7 giam5-tiong7 khian2-tsik4.
0035-5.14-03|lan2 kiong5-liat8 iau1-kiu5 uat8-lam5 tsing3-hu2 u7 gi7-bu7 kah4 tsik4-jim7 po2-hoo7 tai5-siong1 senn3-mia7 tsai5-san2 e5 an1-tsuan5,"
0035-5.15-03|ma7 ai3 ka7 uat8-lam5 bin5-tsiong3 suan1-to7“tai5-uan5-lang5 m7 si7 tiong1-kok4-lang5”!
0035-5.16-03|uat8-lam5 bat4 u7 tai7-iok4 tsit8 tshing1 tang1 hoo7 tiong1-kok4 hong1-kian3 ong5-tiau5 tit8-tsiap4 thong2-ti7 e5 pak4-siok8 si5-ki5.
0035-5.17-03|kong1-guan5 tsap8 se3-ki2 uat8-lam5 kian3-lip8 hong1-kian3 ong5-tiau5 liau2,"
0035-5.18-03|ma7 koh4 ham7 tiong1-kok4 ui5-tshi5 phuan1-siok8 kuan1-he7 tsiann5 tshing1 tang1.
0035-5.19-03|kau3 kah4 it4 pat4 pat4 ngoo2 ni5 huat4-kok4 kah4 tshing1-kok4 tshiam1-ting7 thian1-tin1 tiau5-iok4,"
0035-5.2-03|tsok4-tsia2:tsiunn2 ui5-bun5
0035-5.20-03|tshing1-kok4 tsiah4 tsing3-sik4 hong3-khi3 tsong1-tsu2-kok4 e5 te7-ui7.
0035-5.21-03|uat8-lam5-lang5 m7 guan7 tso3 tiong1-kok4 e5 e7-kha1-tshiu2-lang5,"
0035-5.22-03|to7 tshin1-tshiunn7 tai5-uan5-lang5 m7 guan7 hoo7 tiong1-hua5-bin5-kok4 ham7 tiong1-hua5-jin5-bin5-kiong7-ho5-kok4 loo5-tsai5 thong2-ti7 kang7-khuan2.
0035-5.23-03|tai5-uan5-lang5 li2-kai2 uat8-lam5-lang5“pai5 hua5”e5 sim1-tsing5,"
0035-5.24-03|ma7 tshiann2 uat8-lam5 ping5-iu2 liau2-kai2“tai5-uan5-lang5 m7 si7 hua5-jin5,koh4-khah4 m7 si7 tiong1-kok4-lang5”!"
0035-5.25-03|ti7 pak4-siok8 si5-ki5,"
0035-5.26-03|han3-ji7 thuan5 jip8 uat8-lam5.
0035-5.27-03|hit4-tsun7 e5 han3-ji7 tsu2-iau3 si7 thong2-ti7-tsia2 e5 bun5-ji7.
0035-5.28-03|ti7 pak4-siok8 tsing5-ki5,"
0035-5.29-03|uat8-lam5-lang5 bat4 han3-ji7 ma7 bo5 tsai5-tiau7 tso3-kuann1.
0035-5.3-03|tai5-uan5 kah4 uat8-lam5 kang7-khuan2,"
0035-5.30-03|ti7 tsit4 e5 si5-ki5,"
0035-5.31-03|uat8-lam5 ma7 si7“sann1 ni5 tsit8 sio2 huan2,goo7 ni5 tsit8 tua7 luan7”!"
0035-5.32-03|siong7 tsa2 e5 khi2-gi7 si7 ting1 tshik4 kah4 ting1 gi7 nng7 tsi2-mue7.
0035-5.33-03|in1 thui1-huan1 han3-tiau5 tsu7 kau1-tsi2 e5 thai3-siu2 soo1 ting7,"
0035-5.34-03|bat4 tit4-tioh8 te2-tsiam7 e5 tok8-lip8.
0035-5.35-03|ti7 uat8-lam5 thuat4-li7 tiong1-kok4 tit8-tsiap4 thong2-ti7 liau2 e5 tsit8 tshing1 gua7 tang1,"
0035-5.36-03|uat8-lam5 hong1-kian3 ong5-tiau5 in2-tsin3 kho1-ki2 tse3-too7 kah4 ju5-ka1 su1-siong2 lai5 kiong2-koo3 hong1-kian3 e5 ki1-tshoo2.
0035-5.37-03|uann7 ue7 kong2,"
0035-5.38-03|sui1-bong2 uat8-lam5 bo5 koh4 hoo7 tiong1-kok4 thong2-ti7,"
0035-5.39-03|m7-koh4 iau2 si7 siu7 tiong1-kok4 tsin1 tshim1 e5 ing2-hiong2.
0035-5.4-03|si7 ai3 ho5-ping5,kong2 to7-li2,kah4 tui1-kiu5 bin5-tsok8 tok8-lip8 e5 kok4-ka1."
0035-5.40-03|bok8-kuai3 uat8-lam5 u7-mia5 e5 lik8-su2 hak8-ka1 tan5 tiong7-kim1 ti7 i1 thau5 pun2 iong7 uat8-lam5 lo5-ma2-ji7 su1-sia2 e5“uat8-lam5 su2-liok8”lai7-te2 kam2-khai3 kong2:
0035-5.41-03|“bo5-lun7 tua7-lang5 gin2-a2,ti7 hak8-hau7 long2 bo5 oh8 uat8-lam5-su2,kan1-na1 oh8 tiong1-kok4-su2."
0035-5.42-03|sia2 si1 sia2 bun5-tsiunn1 ma7 tioh8 tsiau3 tiong1-kok4 e5 kui1-ki2,siu7 tiong1-kok4 ke3-tat8-kuan1 e5 ing2-hiong2.”"
0035-5.43-03|tsit4 khuan2 e5 sim1-sng1,"
0035-5.44-03|tai5-uan5 kam2 m7 si7 kang7-khuan2?
0035-5.45-03|kong1-guan5 it4 kiu2 su3 ngoo2 ni5 kau2 gueh8 tshe1 ji7,"
0035-5.46-03|oo5 tsi3-bing5 tsu2-sik8 ti7 ba1 Dinh kong2-tiunn5 suan1-poo3 uat8-lam5 tok8-lip8.
0035-5.47-03|kang7 hit4 kang1,"
0035-5.48-03|lian5-kun1 thong2-sue3 MacAuther ma7 huat4-poo3 te7 it4 ho7 bing7-ling7,"
0035-5.49-03|tsi2-phai3 tsiunn2 kai3-sik8 tai7-piau2 lian5-kun1 tsiap4-siu7 tiong1-kok4,tai5-uan5 kah4 pak4-ui2 tsap8 lak8 too7 i2-siong7 uat8-lam5 king2-lai7 e5 jit8-pun2 kun1 tau5-hang5."
0035-5.5-03|u7 ku2-tng5 e5 si5-kan1,"
0035-5.50-03|tsiunn2 kai3-sik8 kin1-ki3 tsit4 e5 bing7-ling7 tsin3-jip8 uat8-lam5,tai5-uan5 kah4 tang1-lam5-a1-hai2 to2-su7."
0035-5.51-03|tng1 jit8-kun1 tau5-hang5 suah4,"
0035-5.52-03|oo5 tsi3-bing5 li7-iong7 huat4-kok4 e5 lik8-liong7 iau1-kiu5 tsiunn2 kai3-sik8 sui5 li7-khui1 uat8-lam5,"
0035-5.53-03|ka1-tsai3 bo5 tsiann5-tso3 tiong1-hua5-bin5-kok4 e5 tsit8 sing2.
0035-5.54-03|kho2-sioh4 it4 kiu2 su3 tshit4 ni5 tai5-uan5 e5 ji7-ji7-pat4 khi2-gi7 bo5 sing5-kong1,"
0035-5.55-03|suah4 hoo7 tsiunn2 kai3-sik8 u7 ki1-hue7 ka7 liu5-bong5 tsing3-hu2 sua2 lai5 tai5-uan5.
0035-5.56-03|uat8-lam5-lang5 iong7 han3-ji7 nng7 tshing1 tang1 liau2 tsong2-sng3 kak4-ngoo7 bo5 koh4 iong7 tiong1-kok4-ji7.
0035-5.57-03|oo5 tsi3-bing5 huat4-poo3 tok8-lip8 suan1-gian5 liau2 e5 kau2 gueh8 tshe1 peh4 koh4 suan1-poo3 hui3 han3-ji7,"
0035-5.58-03|tsuan5-bin7 tshui1-sak4 lo5-ma2-ji7 e5 kau3-iok8 tsing3-tshik4.
0035-5.59-03|tui3-tsiau3 tsi1-ha7,"
0035-5.6-03|tai5-uan5 kah4 uat8-lam5 long2 siu7-tioh8 tiong1-kok4 e5 ui1-hiap8.
0035-5.60-03|tai5-uan5-lang5 iau2 khut4-hok8 ti7 tiong1-hua5-bin5-kok4 tok8-tsun1 tiong1-kok4-gi2 e5 tsing3-tshik4.
0035-5.61-03|bok8-kuai3 su2-iong7 han3-ji7 kah4 tiong1-kok4-ue7 e5 tai5-siong1 e7 hoo7 uat8-lam5-lang5 tong3-tso3 si7 tiong1-kok4-lang5.
0035-5.62-03|tai5-uan5-lang5 beh4 pi7-bian2 hong5 tong3-tso3 tiong1-kok4-lang5,"
0035-5.63-03|tsit8-hong1-bin7 ai3 ti7 tsing3-ti7-siong7 ham7 tiong1-kok4 tso3 tshiat4-kuah4,"
0035-5.64-03|tshiunn7 kong2 tse3 sin1 hian3-huat4 kah4 ka7 kok4-ho7 kai2-tso3 tai5-uan5.
0035-5.65-03|ling7-gua7 tsit8-hong1-bin7 ai3 ka1-kiong5 tai5-uan5 kau3-iok8 kah4 tshong3-tso7 sik4-hap8 pun2-thoo2 bun5-hua3 sing1-tsun5 e5 the2-tse3,"
0035-5.66-03|kho2-pi2 kong2 pit4-siu1 tai5-uan5 lik8-su2 ham7 tai5-uan5 gi2-bun5,"
0035-5.67-03|hui3 han3-ji7,kai2 iong7 lo5-ma2-ji7 hit4 khuan2--e5."
0035-5.68-03|tui3 gi2-bun5 tsu2-the2-sing3 e5 kak4-too7 khuann3--khi2-lai5,"
0035-5.69-03|uat8-lam5-lang5 tui3 ka1-ti7 e5 bo2-gi2 khah4 tiong7.
0035-5.7-03|tui3-tioh8 tsit4 tsam7 tiong1-kok4 ti7 tang1-lam5-a1-hai2 oo2 iu5 in2-huat4 tsu2-khuan5 kiu3-hun1,"
0035-5.70-03|tse1 ma7 si7 uat8-lam5 e7-tang3 ti7 pa3-khuan5 e5 lang3-phang7 lai7-te2 kiu5 sing1-tsun5 e5 tiong7-iau3 guan5-in1
0035-5.8-03|lan2 kah4 uat8-lam5 kang7 lip8-tiunn5 tui3 tiong1-kok4 the5-tshut4 giam5-le7 e5 khian2-tsik4!
0035-5.9-03|lan2 khing2-ting7 uat8-lam5 bin5-tsiong3 u7 iu5-hing5 si7-ui1 ka7 tiong1-kok4 khong3-gi7 e5 khuan5-li7.
0035-6.1-03|hau7-hng5 e5 tsing5-hun7
0035-6.10-03|u7 tsit8 kang1,a1-hun1 khi3 i1 e5 kau3-sik4 siong7 kho3 e5 si5-tsun7,khi3 long3-tioh8 a1-tho5 kah4-i3 e5 hak8-tiunn2."
0035-6.11-03|“aih4,li2 long2 bo5 leh4 khuann3 loo7 ooh4!long3-tioh8 gua2 e5 sin1-khu1 tsiok4 tua7-lat8 koh4 tsiok4 thiann3--e5 lah4!”"
0035-6.12-03|hit4 e5 hak8-tiong2 tsiok4 siu7-khi3--e5,"
0035-6.13-03|i1 koh4 kio3 a1-hun1 khi3 pian7-soo2 tshue7--i1,siunn7 beh4 tshut4 tsit8 khau2 khui3."
0035-6.14-03|hit4 e5 a1-hun1 kam2-kak4 i1 u7 kau3 khiong2-poo3--e5,m7-koh4 ma7 kuai1-kuai1 khi3 pian7-soo2 tshue7 i1"
0035-6.15-03|“ha1 ha1 ha1!li2 lai5 ah4!gua2 mng7 li2 tsit8-e7,"
0035-6.16-03|li2 thau5-tu2-a2 ka7 gua2 long3-tioh8,beh4 iong7 sann2-mih4 hong1-sik4 ka7 gua2 hue7 sit4-le2 neh4?”"
0035-6.17-03|hit4 e5 hak8-tiong2 lu2 ua2 lu2 kin7,a1-hun1 sit8-tsai7 tsiok4 kin2-tiunn1--e5,i1 siunn7 kong2 beh4 an2-tsuann2 kong2 khah4 ho2!"
0035-6.18-03|“hak8-tiunn2,phainn2-se3 lah4!hit4 e5 si5-tsun7 gua2 leh4 kuann2-kong5 beh4 siong7-kho3,"
0035-6.19-03|bo5 se3-li7 long3-tioh8 li2,li2 mai3 siu7-khi3 lah4!”"
0035-6.2-03|ti7 tsit4 e5 tiong1-hak8 lai7-te2,"
0035-6.20-03|a1-hun1 tng1-teh4 kong2 e5 si5-tsun7,hoo7 a1-tho5 khuann3--tioh8,"
0035-6.21-03|i1 m7 kam1-guan7 i1 ai3 e5 hak8-tiong2 ham7 i1 ti7 pian7-soo2 e5 gua7-khau2 kong2-ue7.
0035-6.22-03|a1-tho5 siunn7 beh4 tui3 i1 e5 ping5-iu2 a1-hun1 pinn3-khang1,m7-koh4 i1 kiann1 e7 hoo7 lang5 huat4-hian7,to7 m7-kann2 ah4!"
0035-6.23-03|hit4 e5 hak8-tiong2 kio3 tso3 a1-tang1,i1 ti7 hak8-hau7 si7 tsit8 e5 tsiann5 siu7 huann1-ging5 e5 tsa1-poo1 gin2-a2!"
0035-6.24-03|“eh4,li2 khuann3 hit4 e5 sam1-pat4 a1-hue1 lai5 ah4 neh4!khi3 ka7 i1 tshong3-ti7 tsit8 e7!”"
0035-6.25-03|hit4 e5 kong2-ue7 e5 lang5 ma7 si7 kah4-i3 hak8-tiong2 e5 lang5,i1 kio3 tso3 a1-ting5,"
0035-6.3-03|hak8-sing1 tsi1-kan1 e5 kam2-tsing5,tau3-te2 e7 u7 siann2-mih4 tik8-piat8 neh4?"
0035-6.4-03|“aih4,li2 khuann3 hit4 e5 hak8-tiong2 u7 kau3 ian5-tau5--e5,"
0035-6.5-03|a1-hun1 li2 kam2-kak4 hit4 e5 lang5 an2-tsuann2 ah4?”
0035-6.6-03|a1-tho5 kong2 kah4 beh4 lau5 tshui3-nua7 ah4!
0035-6.7-03|“li2 ooh4!na2 tshinn1-tshiunn7 a1-hue1 kang5-khuann2,"
0035-6.8-03|long2 si7 teh4 siunn7 li2 e5 hak8-tiong2!”
0035-6.9-03|a1-hun1 ki5-sit8 khuann3-tioh8 hit4 e5 tsa1-poo1-lang5 to7 to3-tuann7 ah4!
